{"ROLLO": [[[48.19459942412539, 16.348721669989153], 23], [[52.49939033036037, 13.317142441951303], 44], [[53.59674291145755, 9.992273198323678], 28], [[50.83165687595254, 10.949467578225056], 8], [[49.382080046004226, 11.043109193588924], 16], [[48.463257405633705, 10.79494023674478], 7], [[48.10068095525135, 11.516671377486698], 22], [[47.97961757639936, 7.681744744491542], 9], [[47.6636147487308, 9.302095588843246], 17], [[52.37154032415331, 9.81217115404968], 14], [[48.80848519948445, 9.25049984089124], 17], [[49.43499475304363, 8.417614198224996], 6], [[50.086186039729014, 8.582274508686277], 31], [[52.06871002317947, 8.346696625605224], 17], [[51.448203880439976, 7.362003090448321], 7], [[51.416033772769595, 6.9068771946133225], 6], [[50.94959225621459, 6.950097066511758], 17]], "PLISSEE_WA": [[[48.277640897791066, 11.544951023258585], 8], [[48.29498129819842, 8.555428789762594], 13], [[52.082771115349864, 9.911341641491646], 7], [[51.412258049409466, 7.337767951165822], 21]], "JALOUSIE": [[[48.905721741997205, 10.85942090896479], 5], [[53.74311790758451, 10.23054421885551], 7], [[51.31214568671692, 6.976653944741761], 17], [[51.97168606112793, 8.585256335539423], 8]], "PLISSEE_20": [[[52.573960552787476, 13.381633764397423], 14], [[53.518866176655976, 9.68473306625315], 18], [[48.10195437820043, 11.630265787281587], 8], [[47.472028609819986, 8.516833932067778], 8], [[52.306463906499836, 9.726287771839134], 12], [[48.78562043847331, 9.340159695959938], 8], [[49.94456361971073, 8.648941281404731], 13], [[51.00456334080463, 6.977570938693669], 23], [[51.78537900547559, 8.065176833461223], 10]], "SHUTTERS": [[[53.86856677964505, 10.725777811634531], 1]], "VARIOROLLO": [[[53.65176108631835, 9.7898497236452], 1], [[49.25957732645161, 4.027716744086021], 1], [[50.51220504517007, 8.270487303537415], 1], [[49.60563965607952, 9.47434521396209], 1], [[51.26127922410981, 6.512653402303287], 1], [[45.626498856595525, -1.030309000231422], 1], [[46.96927297311412, -1.310428926499033], 1], [[52.401806279743695, 9.80154324997933], 1], [[50.62896376434109, 10.133339799069766], 1], [[50.82552250531425, 6.1353724835968775], 1], [[51.497751429374034, 7.6228163361203265], 1], [[49.439996844859245, 11.06764791891065], 1], [[52.01873393452381, 4.165481421428572], 1]], "INSCHUTZ": [[[49.535222863915905, 6.879812142045811], 1], [[51.924516328965055, 10.321481991330645], 1], [[51.34851414096374, 8.249536376234476], 1], [[53.41262988837619, 7.728189593765411], 1], [[52.841954511650485, 8.159140576487971], 1], [[52.292135613151366, 9.161062028225807], 1], [[50.20307567956456, 8.578471603787342], 1], [[51.452981196220584, 7.9719151463988585], 1], [[51.806309570491074, 8.425972080800355], 1]], "FALTROLLO": [[[52.23482675335701, 8.490244127921631], 1], [[51.26127922410981, 6.512653402303287], 1], [[47.21615575180652, 15.626082517195103], 1], [[50.767765472701555, 8.581166550141443], 1], [[49.345590901698756, 12.380132017176292], 1], [[52.219183313620356, 7.314985331311155], 1], [[49.871037720656965, 8.934967084245793], 1]], "LAMELLE": [[[49.02512941021898, 11.4829066], 1], [[51.85194706034794, 6.5876470041523065], 1]]}
